Timestamp,PM2.5 (µg/m³),PM10 (µg/m³),NO (µg/m³),NO2 (µg/m³),NOx (ppb),NH3 (µg/m³),SO2 (µg/m³),CO (mg/m³),Ozone (µg/m³),Benzene (µg/m³),Toluene (µg/m³),Xylene (µg/m³),O Xylene (µg/m³),Eth-Benzene (µg/m³),MP-Xylene (µg/m³),AT (°C),RH (%),WS (m/s),WD (deg),RF (mm),TOT-RF (mm),SR (W/mt2),BP (mmHg),VWS (m/s)
2019-01-01,495.02,,33.53,20.3,25.25,,34.27,2.53,52.9,5.49,26.76,17.37,,,,15.48,73.58,0.3,187.66,,0.0,42.93,757.21,-0.11
2019-01-02,445.34,,52.38,36.39,47.89,,31.93,3.75,48.12,6.08,31.79,23.4,,,,14.09,76.54,0.3,191.99,,0.0,41.13,757.0,-0.11
2019-01-03,398.66,,27.99,64.27,33.62,,33.33,2.54,59.61,5.06,28.59,19.24,,,,12.01,76.61,0.34,195.61,,0.0,41.71,757.07,-0.11
2019-01-04,384.13,,51.93,43.63,42.81,,32.42,2.38,56.83,4.78,27.77,18.29,,,,12.59,77.21,0.32,179.2,,0.0,39.48,757.32,-0.1
2019-01-05,468.01,,87.89,31.26,60.48,,37.18,2.21,33.37,6.07,30.88,25.53,,,,12.48,81.4,0.31,172.74,,0.0,38.76,756.77,-0.11
2019-01-06,212.67,,25.21,31.37,23.42,,33.68,1.77,42.76,4.66,30.47,22.84,,,,14.54,67.63,0.41,171.8,,0.0,50.87,755.82,-0.13
2019-01-07,216.47,,19.66,26.59,18.82,,32.27,1.17,27.34,3.93,27.22,15.56,,,,13.67,72.82,0.38,175.96,,0.0,20.42,755.28,-0.12
2019-01-08,128.75,,7.01,24.26,10.54,,33.78,0.36,44.67,2.86,24.22,10.73,,,,14.68,70.59,0.56,215.35,,0.0,55.57,754.89,-0.11
2019-01-09,166.53,,7.15,24.86,10.77,,32.94,1.2,68.73,2.98,24.27,10.24,,,,13.67,65.2,0.52,210.29,,0.0,53.07,755.38,-0.11
2019-01-10,261.72,,31.64,20.73,24.3,,34.88,1.59,71.4,4.02,26.01,14.52,,,,12.43,68.77,0.34,189.83,,0.0,49.99,755.66,-0.12
2019-01-11,295.51,,32.81,17.17,24.23,,28.02,3.09,63.82,4.99,28.36,21.07,,,,12.8,70.14,0.33,183.92,,0.0,48.74,756.15,-0.12
2019-01-12,299.55,,55.07,25.02,43.24,,33.11,2.54,58.47,4.78,28.82,20.53,,,,13.08,68.4,0.32,169.06,,0.0,48.88,756.04,-0.12
2019-01-13,295.57,,25.01,15.5,18.95,,31.78,2.31,56.93,4.8,30.74,18.18,,,,14.0,64.89,0.32,192.34,,0.0,41.76,755.87,-0.13
2019-01-14,239.06,,5.33,7.62,5.2,,30.8,1.0,87.23,3.22,22.84,10.74,,,,14.58,67.86,0.5,217.59,,0.0,44.93,755.13,-0.13
2019-01-15,122.51,,14.46,28.1,19.95,,31.33,0.85,77.42,2.72,22.37,9.86,,,,12.65,56.16,0.57,208.97,,0.0,53.9,756.0,-0.11
2019-01-16,261.46,,26.59,12.12,19.23,,32.86,2.72,35.98,3.75,24.57,14.99,,,,13.32,65.05,0.34,188.17,,0.0,47.51,756.28,-0.12
2019-01-17,345.91,,22.8,7.64,15.72,,31.79,3.06,26.08,4.2,24.95,16.91,,,,14.61,71.55,0.34,190.84,,0.0,42.26,755.1,-0.12
2019-01-18,332.99,,12.51,2.94,8.27,,30.78,2.33,32.65,3.93,26.21,13.97,,,,14.94,72.42,0.37,198.0,,0.0,42.09,755.22,-0.12
2019-01-19,279.45,,15.42,27.78,16.02,,31.83,2.15,36.24,3.73,24.4,11.97,,,,15.87,70.21,0.36,190.91,,0.0,41.76,755.69,-0.11
2019-01-20,372.83,,22.84,9.82,15.75,,35.94,2.48,47.01,3.86,24.93,11.31,,,,15.81,72.69,0.34,191.82,,0.0,39.02,755.68,-0.12
2019-01-21,478.92,,53.46,24.41,34.87,,29.05,3.29,38.16,5.38,26.92,21.24,,,,16.6,73.21,0.31,179.79,,0.0,39.27,755.26,-0.13
2019-01-22,307.47,,48.58,193.19,82.27,,33.59,1.79,43.42,4.2,24.85,18.29,,,,19.01,65.7,0.57,129.17,,0.0,40.0,755.0,-0.15
2019-01-23,163.41,,60.32,128.23,73.92,,43.21,0.89,38.78,2.92,20.94,11.61,,,,17.62,73.69,0.94,176.27,,0.0,34.05,755.37,-0.16
2019-01-24,137.96,,63.2,123.76,70.4,,46.61,1.32,22.61,2.71,22.97,10.38,,,,16.91,84.82,0.32,190.26,,0.0,35.93,756.02,-0.11
2019-01-25,191.02,,49.63,91.24,53.73,,45.36,1.58,18.57,3.11,22.97,11.56,,,,17.73,85.85,0.38,156.96,,0.0,30.94,756.34,-0.12
2019-01-26,173.35,,14.23,33.21,17.23,,46.35,1.14,15.91,2.59,20.48,8.12,,,,17.14,84.92,0.35,213.84,,0.0,37.27,756.6,-0.15
2019-01-27,98.83,,7.0,27.21,11.29,,45.75,0.59,33.23,1.86,21.44,6.07,,,,16.53,85.05,0.5,230.95,,0.0,73.97,756.88,-0.12
2019-01-28,97.96,,8.2,32.87,13.49,,43.9,0.83,45.83,2.06,21.05,8.41,,,,16.45,70.61,0.6,235.73,,0.0,80.29,756.84,-0.12
2019-01-29,106.37,,5.3,27.86,10.43,,42.26,0.66,73.04,1.87,17.9,6.8,,,,13.97,64.89,0.83,222.22,,0.0,85.91,756.59,-0.13
2019-01-30,144.68,,12.33,27.26,14.54,,43.49,1.35,75.91,2.19,18.74,7.38,,,,14.6,62.2,0.49,205.87,,0.0,83.77,756.77,-0.11
2019-01-31,252.62,,65.31,104.51,68.05,,44.15,2.2,43.38,3.53,21.37,12.24,,,,15.8,65.03,0.35,159.99,,0.0,75.03,756.81,-0.12
2019-02-01,303.54,,84.08,106.83,78.67,,41.98,2.79,43.76,3.91,23.76,13.09,,,,18.09,67.13,0.33,187.16,,0.0,74.76,755.76,-0.11
2019-02-02,222.63,,22.1,39.71,23.69,,41.8,2.58,46.34,3.39,21.89,11.22,,,,18.12,62.78,0.35,184.62,,0.0,79.28,755.01,-0.12
2019-02-03,200.21,,9.14,27.31,12.63,,41.93,2.02,63.7,2.53,20.51,7.14,,,,18.74,65.66,0.41,201.89,,0.0,78.84,755.95,-0.12
2019-02-04,137.58,,11.13,23.62,12.88,,44.77,1.89,73.98,2.29,18.59,8.0,,,,17.64,62.37,0.54,207.77,,0.0,88.83,756.76,-0.13
2019-02-05,152.56,,9.88,23.0,11.95,,44.59,1.85,58.73,2.49,20.29,8.2,,,,17.23,63.17,0.41,201.35,,0.0,83.8,755.94,-0.12
2019-02-06,193.24,,14.26,16.86,13.02,,46.21,2.51,75.06,2.72,19.69,8.48,,,,18.61,66.99,0.39,204.13,,0.0,71.99,754.31,-0.11
2019-02-07,228.96,,13.95,13.95,12.07,,44.9,2.3,60.95,3.42,22.35,10.01,,,,19.94,70.01,0.69,156.49,,0.0,66.48,754.41,-0.11
2019-02-08,111.88,,7.71,9.79,7.21,,43.82,1.41,26.6,2.15,17.72,7.46,,,,17.49,84.52,0.89,140.61,,0.0,35.24,754.86,-0.15
2019-02-09,96.12,,21.36,56.93,34.89,,42.2,1.24,36.15,1.72,17.3,6.11,,,,17.49,80.89,0.49,197.62,,0.0,68.7,755.38,-0.12
2019-02-10,103.89,,20.74,97.74,37.9,,42.42,1.25,75.39,1.69,19.01,5.56,,,,16.5,65.36,0.48,212.39,,0.0,110.86,756.83,-0.11
2019-02-11,116.96,,21.34,95.6,37.71,,42.64,1.52,50.34,2.19,20.22,7.31,,,,18.0,64.57,0.34,206.44,,0.0,109.2,757.01,-0.12
2019-02-12,142.8,,57.21,117.52,64.74,,43.0,1.84,52.21,2.31,18.71,7.6,,,,18.01,66.91,0.34,191.84,,0.0,104.29,757.28,-0.11
2019-02-13,164.61,,24.29,89.57,37.93,,44.59,1.57,58.63,2.53,19.33,7.25,,,,19.22,68.51,0.35,188.36,,0.0,99.93,756.84,-0.12
2019-02-14,170.95,,14.62,33.64,17.58,,42.76,1.5,49.68,2.45,20.92,7.89,,,,19.38,72.23,0.34,204.17,,0.0,80.41,755.42,-0.12
2019-02-15,159.16,,14.8,21.08,14.44,,42.06,1.35,22.82,2.4,21.19,7.87,,,,18.08,81.85,0.43,188.14,,0.0,25.72,755.29,-0.13
2019-02-16,83.25,,8.77,16.96,9.71,,44.19,0.71,36.35,1.75,20.59,6.15,,,,21.21,73.36,0.46,196.11,,0.0,105.43,754.48,-0.11
2019-02-17,92.62,,4.1,14.0,6.11,,42.09,0.49,35.31,1.44,18.53,4.69,,,,17.95,76.28,0.83,223.21,,0.0,90.7,753.46,-0.09
2019-02-18,111.0,,33.45,67.9,37.87,,43.99,1.13,65.53,1.59,15.41,4.9,,,,18.16,68.09,0.5,194.11,,0.0,103.7,753.0,-0.09
2019-02-19,151.1,,43.96,85.69,48.86,,49.15,2.43,59.85,2.64,20.73,9.11,,,,21.07,61.46,0.39,155.86,,0.0,103.05,753.95,-0.11
2019-02-20,148.4,,15.57,38.84,19.51,,41.61,1.75,60.03,2.3,19.22,7.64,,,,21.88,64.88,0.45,185.3,,0.0,99.05,755.44,-0.11
2019-02-21,151.49,,22.93,35.98,23.23,,29.76,2.7,55.06,2.5,20.65,8.57,,,,23.11,63.49,0.36,185.12,,0.0,97.16,755.54,-0.12
2019-02-22,151.38,,16.07,28.77,17.21,,29.34,2.15,54.22,2.69,21.9,9.44,,,,24.85,64.96,0.36,179.31,,0.0,91.58,753.71,-0.12
2019-02-23,78.65,,6.17,17.45,8.26,,29.58,0.84,79.27,1.62,19.32,5.88,,,,22.83,63.52,1.37,230.21,,0.0,116.16,753.24,-0.11
2019-02-24,67.37,,4.8,17.41,7.42,,29.96,0.75,115.92,1.35,18.02,4.45,,,,20.06,58.3,0.63,230.14,,0.0,97.67,753.02,-0.11
2019-02-25,107.04,,16.59,18.02,14.73,,29.92,2.13,77.01,2.07,19.42,8.83,,,,21.65,61.69,0.46,175.25,,0.0,102.09,752.74,-0.12
2019-02-26,170.89,,33.2,14.12,23.59,,30.62,1.76,53.76,2.85,21.82,12.9,,,,22.75,60.87,0.33,188.21,,0.0,88.7,752.57,-0.12
2019-02-27,75.1,,26.89,44.62,27.09,,32.33,1.03,71.77,2.21,18.73,10.33,,,,20.79,68.95,1.24,143.48,,0.0,85.12,752.08,-0.14
2019-02-28,46.58,,18.93,74.55,30.79,,36.49,0.9,66.71,1.37,15.29,6.59,,,,18.28,68.25,0.98,236.21,,0.0,112.22,753.76,-0.12
2019-03-01,72.67,,24.44,98.28,40.27,,37.15,1.21,80.9,1.54,17.21,6.4,,,,17.86,54.9,0.64,212.52,,0.0,128.67,754.81,-0.11
2019-03-02,127.91,,40.44,113.6,53.95,,37.21,1.9,62.34,2.13,19.18,7.85,,,,18.69,56.13,0.38,182.16,,0.0,115.15,754.99,-0.15
2019-03-03,129.48,,19.3,77.92,31.89,,37.13,1.44,61.34,1.92,19.44,5.5,,,,17.49,73.04,0.45,186.25,,0.0,59.45,753.75,-0.1
2019-03-04,99.49,,9.61,48.76,18.46,,38.29,1.3,58.17,1.61,19.64,5.53,,,,20.95,74.6,0.34,194.18,,0.0,106.32,751.86,-0.11
2019-03-05,97.79,,9.19,24.01,11.79,,38.58,1.46,61.63,1.82,19.3,6.81,,,,22.37,69.02,0.48,217.56,,0.0,90.17,751.51,-0.12
2019-03-06,73.45,,6.82,16.3,8.36,,36.84,1.15,70.29,1.53,18.6,6.36,,,,21.45,57.84,1.05,222.54,,0.0,127.54,752.55,-0.1
2019-03-07,75.72,,5.55,14.43,6.93,,37.04,1.04,92.02,1.35,17.82,4.62,,,,20.77,53.0,0.63,203.41,,0.0,126.4,753.33,-0.1
2019-03-08,88.93,,7.57,13.9,8.18,,39.08,1.5,73.31,1.59,17.58,5.62,,,,21.23,53.41,0.76,207.46,,0.0,118.59,753.64,-0.11
2019-03-09,113.82,,13.43,10.15,10.63,,37.57,2.09,85.57,1.81,17.98,6.16,,,,23.15,54.97,0.62,196.36,,0.0,123.14,753.16,-0.11
2019-03-10,131.9,,12.16,7.07,9.21,,36.61,1.82,72.8,2.04,18.67,6.63,,,,25.17,53.66,0.46,203.04,,0.0,113.17,753.44,-0.15
2019-03-11,100.62,,11.7,30.02,22.47,,35.64,1.45,78.87,1.68,16.72,5.89,,,,25.41,48.8,0.44,183.59,,0.0,117.6,754.14,-0.11
2019-03-12,107.1,,12.06,19.69,12.42,,39.66,1.86,62.18,2.01,18.21,6.72,,,,26.76,51.51,0.48,208.55,,0.0,120.56,753.36,-0.13
2019-03-13,84.41,,6.63,12.51,7.26,,39.45,1.41,84.56,1.77,18.04,6.35,,,,27.35,44.93,0.63,221.89,,0.0,120.73,753.86,-0.12
2019-03-14,78.8,,5.47,8.41,5.5,,39.41,1.17,91.29,1.59,18.52,5.19,,,,26.61,51.39,0.55,206.63,,0.0,81.28,754.19,-0.15
2019-03-15,72.42,,14.81,64.82,25.79,,39.57,1.25,64.54,1.61,19.46,5.43,,,,27.61,54.99,0.5,209.4,,0.0,100.91,754.17,-0.13
2019-03-16,84.14,,20.2,119.65,43.09,,39.35,1.13,93.57,1.55,16.68,5.3,,,,26.57,53.27,0.72,232.75,,0.0,124.28,754.14,-0.12
2019-03-17,71.26,,13.62,107.68,36.15,,39.65,0.92,105.94,1.34,17.19,3.81,,,,24.14,43.97,0.61,208.15,,0.0,100.34,754.29,-0.12
2019-03-18,77.97,,18.67,112.31,40.4,,39.68,1.13,93.01,1.38,16.16,4.38,,,,24.83,56.88,0.59,189.38,,0.0,110.0,753.77,-0.11
2019-03-19,85.59,,16.36,118.56,40.63,,39.73,1.42,93.78,1.51,15.97,4.84,,,,25.17,52.92,0.65,202.91,,0.0,125.66,752.52,-0.1
2019-03-20,87.8,,31.4,118.79,56.92,,47.87,1.62,51.17,2.31,22.63,6.93,,,,26.24,48.6,0.49,179.48,,0.0,126.94,752.58,-0.12
2019-03-21,170.07,,69.75,110.34,63.2,,39.52,3.82,38.62,2.35,17.63,5.49,,,,28.34,44.98,0.36,191.27,,0.0,118.38,752.65,-0.12
2019-03-22,57.13,,3.58,54.28,15.98,,43.71,1.28,113.36,1.29,15.28,4.03,,,,29.27,46.51,0.74,211.11,,0.0,120.12,752.44,-0.12
2019-03-23,38.14,,5.11,49.5,15.26,,43.75,1.12,142.87,1.07,15.71,3.02,,,,26.71,40.39,1.26,227.38,,0.0,139.57,752.71,-0.11
2019-03-24,47.14,,4.51,56.38,16.72,,41.5,1.29,108.03,1.21,17.64,3.23,,,,26.97,44.03,0.56,202.21,,0.0,131.59,752.66,-0.1
2019-03-25,58.73,,19.83,71.45,29.57,,44.26,2.05,78.13,1.65,18.58,5.42,,,,29.11,45.7,0.46,203.94,,0.0,117.8,752.69,-0.12
2019-03-26,60.14,,21.31,41.35,22.9,,41.4,1.94,53.72,1.82,18.06,6.58,,,,23.47,66.64,1.0,178.89,,0.0,62.53,753.67,-0.12
2019-03-27,62.03,,8.39,13.35,8.55,,43.01,2.01,72.66,1.7,15.84,6.58,,,,26.48,59.59,0.49,182.02,,0.0,126.95,754.01,-0.12
2019-03-28,80.29,,12.93,10.32,10.38,,45.79,2.47,67.03,1.9,16.9,7.46,,,,27.97,53.66,0.43,159.56,,0.0,125.77,753.43,-0.12
2019-03-29,81.83,,39.83,43.55,41.47,,45.76,2.95,52.87,2.32,17.97,9.56,,,,29.69,47.98,0.38,169.78,,0.0,122.97,751.99,-0.12
2019-03-30,90.35,,12.56,30.49,15.43,,46.55,1.88,92.8,2.38,18.7,9.33,,,,31.15,50.82,0.45,140.39,,0.0,104.96,751.33,-0.14
2019-03-31,78.9,,5.87,3.54,3.05,,47.54,1.33,72.16,1.75,16.99,5.61,,,,31.48,59.02,0.75,162.39,,0.0,111.91,750.39,-0.13
2019-04-01,44.31,,14.63,98.54,23.3,,49.9,1.01,72.82,1.47,14.94,5.45,,,,26.73,69.59,1.59,102.96,,0.0,122.26,751.89,-0.17
2019-04-02,64.96,,33.45,79.47,40.87,,49.61,1.79,67.23,1.67,16.53,6.75,,,,28.01,61.79,0.52,167.98,,0.0,127.11,751.81,-0.14
2019-04-03,82.46,,14.24,63.74,25.14,,50.17,1.53,80.14,2.25,17.37,7.56,,,,30.0,49.98,0.81,133.27,,0.0,119.18,752.04,-0.15
2019-04-04,53.36,,10.15,43.47,17.41,,49.99,1.18,92.75,1.54,16.32,5.44,,,,29.03,63.82,1.51,102.85,,0.0,121.86,752.26,-0.16
2019-04-05,52.16,,8.74,18.57,10.11,,49.56,1.1,65.04,1.57,17.26,5.71,,,,28.39,70.38,1.78,97.33,,0.0,110.26,752.16,-0.16
2019-04-06,49.0,,17.85,29.61,22.76,,48.72,0.91,50.33,1.42,16.41,5.47,,,,26.81,72.22,2.28,104.17,,0.0,92.63,752.01,-0.16
2019-04-07,30.36,,12.08,61.22,23.18,,43.55,0.79,95.23,1.11,16.33,4.36,,,,25.97,66.39,1.02,120.07,,0.0,122.19,752.13,-0.17
2019-04-08,47.5,,11.69,41.22,17.77,,43.91,1.22,74.11,1.51,15.18,6.01,,,,27.76,70.61,1.25,119.48,,0.0,121.09,751.06,-0.17
2019-04-09,52.67,,8.98,15.98,9.59,,41.08,1.05,62.87,1.52,15.42,5.88,,,,26.42,70.42,1.57,111.08,,0.0,89.88,751.15,-0.18
2019-04-10,33.46,,19.39,64.04,32.35,,43.1,1.04,89.13,1.44,14.68,5.5,,,,27.35,61.92,1.77,98.72,,0.0,143.01,752.14,-0.17
2019-04-11,61.03,,12.59,60.56,23.32,,41.02,1.22,85.29,1.55,17.49,5.45,,,,30.06,63.15,0.78,118.83,,0.0,132.48,751.56,-0.16
2019-04-12,60.59,,9.83,28.54,13.35,,42.52,1.37,69.21,1.65,16.85,6.04,,,,32.35,62.41,0.6,116.15,,0.0,113.67,751.08,-0.18
2019-04-13,66.88,,7.19,13.62,7.89,,37.81,1.19,68.59,1.56,17.23,5.04,,,,34.58,58.57,0.57,149.74,,0.0,131.34,750.87,-0.17
2019-04-14,44.26,,6.75,12.27,7.27,,40.53,0.92,97.62,1.31,16.58,4.26,,,,33.22,55.66,1.16,139.74,,0.0,141.6,750.91,-0.17
2019-04-15,53.3,,8.27,9.65,7.51,,41.36,1.27,80.11,1.47,16.59,5.58,,,,33.43,61.67,1.09,136.8,,0.0,134.2,750.52,-0.19
2019-04-16,54.95,,9.24,28.3,12.94,,43.98,1.12,56.99,1.35,14.21,4.67,,,,31.64,64.91,0.88,175.06,,0.0,106.36,751.4,-0.18
2019-04-17,36.09,,6.06,19.24,8.65,,46.42,1.03,74.28,1.07,13.33,4.09,,,,26.41,61.17,1.11,221.86,,0.0,55.12,753.37,-0.14
2019-04-18,39.89,,7.42,16.78,8.85,,43.57,1.32,91.65,1.12,14.9,4.45,,,,30.24,52.54,0.64,240.66,,0.0,159.05,752.46,-0.26
2019-04-19,42.7,,5.41,13.24,6.71,,38.89,1.06,119.27,1.09,13.48,4.7,,,,31.36,44.27,0.54,207.11,,0.0,133.87,751.56,-0.2
2019-04-20,48.52,,50.42,108.5,62.0,,45.08,1.9,102.9,1.27,14.48,5.07,,,,32.09,42.87,0.54,204.1,,0.0,145.83,750.64,-0.13
2019-04-21,70.46,,54.78,149.47,71.94,,42.41,1.97,89.46,1.91,18.56,7.31,,,,33.61,42.89,0.56,176.29,,0.0,133.65,750.01,-0.14
2019-04-22,38.12,,15.79,93.68,33.85,,43.9,1.35,100.96,1.38,13.99,5.3,,,,31.61,51.84,1.1,123.06,,0.0,135.3,750.48,-0.15
2019-04-23,48.05,,12.16,69.51,25.38,,44.91,1.33,97.59,1.34,14.31,4.98,,,,30.4,60.82,1.95,100.43,,0.0,117.09,751.47,-0.15
2019-04-24,54.31,,17.62,73.42,29.71,,44.56,1.66,99.51,1.62,16.52,6.37,,,,32.88,55.33,1.29,98.94,,0.0,135.04,751.7,-0.15
2019-04-25,63.06,,10.09,60.6,21.82,,43.43,1.35,106.62,1.69,14.66,6.34,,,,35.71,51.86,0.49,128.97,,0.0,128.11,750.95,-0.13
2019-04-26,53.8,,7.86,47.38,17.03,,43.13,0.85,104.59,1.47,13.94,5.72,,,,34.73,57.31,0.84,122.54,,0.0,140.61,749.95,-0.16
2019-04-27,64.29,,9.77,33.23,14.53,,42.09,0.89,77.78,1.66,15.82,6.18,,,,35.03,47.59,0.58,164.89,,0.0,135.45,749.51,-0.13
2019-04-28,71.62,,9.42,25.73,12.38,,41.64,0.77,95.72,1.52,14.97,4.95,,,,35.55,39.79,0.96,196.62,,0.0,142.57,749.17,-0.13
2019-04-29,59.75,,19.13,42.49,30.22,,42.79,1.11,61.56,1.73,14.27,6.03,,,,32.41,61.38,0.51,141.9,,0.0,126.66,749.41,-0.16
2019-04-30,62.34,,8.98,22.25,11.22,,45.04,0.99,65.26,1.74,14.63,6.75,,,,32.05,63.97,0.61,119.6,,0.0,135.85,749.03,-0.17
2019-05-01,52.73,,7.09,14.67,8.1,,43.64,0.68,79.72,1.47,15.34,5.41,,,,31.81,61.7,0.68,97.47,,0.0,127.84,748.83,-0.15
2019-05-02,48.43,,6.91,11.71,7.23,,43.23,0.64,74.44,1.44,15.33,5.03,,,,32.42,57.52,0.81,116.98,,0.0,135.12,749.29,-0.17
2019-05-03,36.19,,7.87,8.15,6.88,,44.86,0.47,34.58,1.29,14.78,4.86,,,,27.45,74.25,1.44,120.25,,0.0,65.46,750.07,-0.17
2019-05-04,29.4,,6.09,7.25,5.58,,42.6,0.2,65.34,0.96,14.2,3.22,,,,26.57,72.59,0.52,166.29,,0.0,116.07,750.59,-0.2
2019-05-05,43.92,,7.27,11.89,7.49,,43.84,0.63,83.39,1.17,14.29,4.26,,,,31.65,45.79,0.79,205.18,,0.0,152.86,750.11,-0.17
2019-05-06,72.18,,8.99,13.31,8.9,,44.54,1.13,84.78,1.61,15.12,5.97,,,,32.86,27.5,0.84,207.79,,0.0,156.54,749.22,-0.14
2019-05-07,81.11,,11.84,11.33,10.12,,43.47,1.42,58.49,1.8,15.49,6.62,,,,33.79,25.82,0.81,206.43,,0.0,156.84,748.5,-0.18
2019-05-08,76.2,,6.54,5.26,5.33,,41.34,1.35,68.62,1.84,16.1,6.67,,,,32.83,50.57,0.43,159.98,,0.0,144.85,748.14,-0.19
2019-05-09,77.66,,27.27,30.41,39.14,,43.98,2.0,62.36,1.9,15.36,7.24,,,,33.8,45.64,0.43,190.8,,0.0,137.78,747.84,-0.19
2019-05-10,80.11,,17.01,13.17,13.74,,44.55,2.51,71.75,2.32,17.34,8.66,,,,35.09,33.29,0.34,201.13,,0.0,136.1,748.52,-0.12
2019-05-11,73.77,,21.33,20.8,21.89,,35.42,1.21,61.39,1.59,12.59,5.08,,,,34.49,45.41,0.5,196.93,,0.0,133.39,749.62,-0.15
2019-05-12,69.56,,8.46,17.45,9.64,,32.6,1.57,66.56,1.34,14.2,3.71,,,,35.29,32.16,0.36,203.91,,0.0,144.89,749.15,-0.13
2019-05-13,66.54,,7.28,10.63,7.17,,35.45,1.72,72.13,1.64,15.98,5.36,,,,31.88,55.99,0.38,163.13,,0.0,102.12,749.57,-0.14
2019-05-14,59.9,,7.71,7.79,6.69,,36.38,1.64,92.98,1.72,15.66,6.2,,,,31.95,49.15,0.39,143.91,,0.0,107.09,749.47,-0.14
2019-05-15,53.36,,6.57,5.57,5.43,,43.27,1.3,115.61,1.43,13.98,5.63,,,,31.39,52.74,0.46,123.85,,0.0,128.07,749.95,-0.16
2019-05-16,51.87,,6.37,4.08,4.92,,41.97,1.35,101.88,1.48,14.86,5.29,,,,31.65,57.28,0.51,129.22,,0.0,137.74,750.19,-0.15
2019-05-17,54.92,,7.91,4.21,5.87,,44.14,1.46,80.73,1.49,15.41,5.28,,,,34.39,47.29,0.53,204.2,,0.0,145.56,749.42,-0.17
2019-05-18,46.89,,7.34,4.35,5.58,,42.91,1.38,103.53,1.27,13.84,4.87,,,,35.56,34.78,0.48,234.94,,0.0,149.01,749.34,-0.16
2019-05-19,35.83,,4.67,3.25,3.64,,41.7,0.87,110.88,0.83,12.37,2.72,,,,34.24,37.0,0.51,233.0,,0.0,155.47,750.18,-0.16
2019-05-20,59.29,,10.84,6.48,7.33,,44.55,2.04,73.85,1.63,13.92,5.02,,,,35.35,36.06,0.33,195.48,,0.0,149.65,750.47,-0.15
2019-05-21,64.24,,15.83,32.82,24.28,,36.19,1.6,79.7,1.76,14.61,6.79,,,,34.09,50.81,0.53,132.49,,0.0,140.72,750.02,-0.15
2019-05-22,64.1,,6.16,12.4,6.96,,37.1,1.34,70.8,1.5,13.75,5.41,,,,32.89,60.23,0.61,137.48,,0.0,117.81,749.34,-0.16
2019-05-23,44.45,,4.93,5.27,4.36,,37.43,1.13,105.91,1.2,13.45,4.36,,,,32.2,58.0,0.91,109.55,,0.0,140.29,749.18,-0.15
2019-05-24,47.58,,6.37,4.64,5.07,,35.18,1.38,48.59,1.35,13.54,5.06,,,,30.81,68.38,0.93,111.99,,0.0,129.31,749.06,-0.15
2019-05-25,46.58,,6.76,4.28,5.21,,36.22,1.38,45.42,1.47,13.77,5.37,,,,29.82,71.02,0.62,112.09,,0.0,116.9,748.47,-0.17
2019-05-26,49.41,,7.54,6.22,6.19,,35.04,1.35,75.17,1.33,15.04,3.98,,,,32.74,51.37,0.59,175.87,,0.0,154.71,748.71,-0.18
2019-05-27,76.96,,14.38,6.6,10.44,,36.51,2.4,73.44,2.03,16.5,6.91,,,,34.84,39.94,0.35,178.9,,0.0,147.72,748.33,-0.17
2019-05-28,55.21,,8.68,2.57,5.86,,35.54,1.9,70.31,1.95,15.94,7.53,,,,33.58,59.56,0.8,125.06,,0.0,140.32,748.46,-0.16
2019-05-29,49.61,,6.31,2.6,4.47,,38.56,1.43,66.84,1.55,14.36,6.08,,,,33.31,57.83,1.02,130.37,,0.0,148.16,748.18,-0.21
2019-05-30,47.49,,5.36,1.95,3.66,,38.38,1.1,115.52,1.37,14.08,5.09,,,,32.22,56.08,1.26,106.96,,0.0,141.78,748.11,-0.2
2019-05-31,32.65,,8.02,15.57,12.09,,38.91,1.01,121.82,1.2,13.67,4.76,,,,28.98,60.93,2.16,94.2,,0.0,132.02,748.52,-0.18
2019-06-01,43.34,,3.94,9.04,4.7,,49.84,1.27,75.28,1.31,14.65,4.74,,,,29.98,66.48,1.7,97.46,,0.0,129.54,749.03,-0.15
2019-06-02,33.49,,3.1,5.9,3.37,,43.74,1.05,93.1,1.06,14.15,4.14,,,,29.63,62.43,2.2,102.08,,0.0,140.96,749.2,-0.17
2019-06-03,34.95,,4.35,4.77,3.89,,43.4,1.22,55.77,1.29,14.21,5.37,,,,25.05,74.86,1.31,107.98,,0.0,8.19,749.38,-0.18
2019-06-04,36.68,,4.47,4.59,3.9,,44.33,1.28,77.77,1.37,13.74,5.76,,,,31.21,59.51,1.65,93.04,,0.0,139.12,748.94,-0.17
2019-06-05,48.72,,4.84,9.69,9.19,,45.06,1.07,65.34,1.08,10.68,4.45,,,,30.49,67.2,1.95,90.0,,0.0,124.66,748.64,-0.15
2019-06-06,42.36,,6.18,8.08,5.84,,43.22,1.12,83.24,1.19,7.57,4.85,,,,30.66,65.22,1.67,102.87,,0.0,124.94,749.44,-0.17
2019-06-07,43.12,,7.15,5.48,5.76,,45.0,1.14,74.53,1.21,8.11,5.26,,,,32.6,61.51,1.12,111.98,,0.0,133.05,749.58,-0.22
2019-06-08,40.95,,6.38,4.64,5.07,,43.2,1.15,91.86,1.37,8.95,5.95,,,,33.71,58.14,0.86,104.18,,0.0,135.28,748.9,-0.2
2019-06-09,41.11,,5.5,4.29,4.44,,43.7,1.01,102.85,1.18,7.27,4.37,,,,35.06,53.92,0.83,114.09,,0.0,145.49,747.64,-0.17
2019-06-10,56.83,,6.84,2.89,4.86,,46.74,1.35,95.62,1.49,8.62,5.97,,,,33.05,63.03,1.48,114.41,,0.0,131.41,746.78,-0.23
2019-06-11,40.57,,6.67,2.43,4.68,,40.84,1.3,111.15,1.41,8.75,6.03,,,,31.33,62.31,2.63,98.81,,0.0,137.05,747.2,-0.19
2019-06-12,41.98,,6.8,1.98,4.55,,44.57,1.2,81.23,1.39,8.03,5.57,,,,30.44,67.67,1.57,122.36,,0.0,117.38,747.64,-0.25
2019-06-13,47.37,,31.59,97.16,49.28,,36.48,1.28,82.17,1.53,8.85,6.47,,,,32.9,57.21,0.39,159.51,,0.0,145.0,747.45,-0.15
2019-06-14,59.23,,18.5,125.47,43.73,,34.34,1.42,83.36,1.82,10.13,7.18,,,,37.01,46.53,0.48,216.16,,0.0,136.91,746.55,-0.16
2019-06-15,70.79,,10.21,38.93,16.27,,38.68,1.61,83.99,1.96,9.88,6.84,,,,37.82,45.44,0.67,189.03,,0.0,123.28,746.1,-0.17
2019-06-16,58.47,,6.34,5.54,5.27,,40.74,1.11,108.51,1.31,7.02,4.95,,,,36.46,52.67,0.46,205.08,,0.0,140.77,746.19,-0.21
2019-06-17,46.87,,6.24,4.58,4.97,,43.96,1.14,106.96,1.17,7.02,5.06,,,,36.36,43.33,0.66,226.27,,0.0,153.36,746.9,-0.17
2019-06-18,34.79,,9.28,36.17,18.74,,45.06,1.1,102.28,1.15,7.23,5.4,,,,34.09,53.18,0.46,220.81,,0.0,148.38,747.3,-0.24
2019-06-19,48.43,,11.8,39.7,17.44,,38.12,1.49,80.99,1.41,7.97,5.84,,,,33.81,58.39,0.43,186.73,,0.0,124.04,747.6,-0.19
2019-06-20,51.55,,6.55,22.52,9.81,,43.88,0.99,90.81,1.34,7.3,5.92,,,,33.06,58.03,0.56,186.75,,0.0,118.4,748.08,-0.17
2019-06-21,43.11,,7.25,28.64,11.83,,42.77,0.96,78.32,1.23,6.49,4.72,,,,32.37,64.79,0.54,128.12,,0.0,127.69,748.23,-0.16
2019-06-22,32.07,,25.46,62.2,31.15,,42.16,1.61,41.85,1.09,6.75,4.88,,,,26.78,85.85,1.23,113.39,,0.0,50.0,748.69,-0.14
2019-06-23,34.4,,22.75,112.58,42.95,,41.06,1.02,50.32,1.16,7.05,4.99,,,,30.84,71.71,1.13,103.16,,0.0,143.3,748.72,-0.17
2019-06-24,36.18,,16.05,111.97,38.73,,40.87,1.03,65.76,1.12,6.37,4.62,,,,33.74,60.03,0.43,144.53,,0.0,149.7,748.97,-0.15
2019-06-25,59.42,,13.54,129.61,41.78,,36.06,1.22,73.29,1.15,5.96,4.23,,,,35.92,55.92,0.41,225.22,,0.0,135.45,748.23,-0.12
2019-06-26,50.3,,18.0,97.86,45.77,,38.26,1.29,63.55,1.24,6.87,5.46,,,,33.02,61.16,0.67,185.0,,0.0,102.88,747.45,-0.16
2019-06-27,39.38,,11.18,82.91,28.25,,38.81,1.79,68.67,0.94,5.47,4.12,,,,30.25,71.82,0.42,188.34,,0.0,116.03,746.91,-0.13
2019-06-28,48.44,,13.98,110.63,37.13,,42.17,1.82,68.86,1.12,6.36,4.51,,,,33.95,62.66,0.45,175.29,,0.0,141.56,746.03,-0.18
2019-06-29,43.04,,10.98,97.54,31.93,,40.13,1.46,61.16,1.21,6.93,4.78,,,,33.61,60.46,0.54,142.56,,0.0,145.76,746.29,-0.26
2019-06-30,46.86,,14.59,63.75,25.36,,42.02,1.24,44.7,1.22,6.65,4.42,,,,27.05,85.07,0.89,143.14,,0.0,39.04,746.95,-0.15
2019-07-01,51.34,,28.77,39.98,27.83,,39.38,2.01,45.29,1.64,9.09,7.53,,,,29.77,78.41,0.49,166.78,,0.0,131.72,746.57,-0.13
2019-07-02,24.81,,13.47,37.05,17.76,,38.9,1.27,34.82,1.38,8.52,6.86,,,,29.16,75.91,1.85,99.37,,0.0,102.77,746.86,-0.15
2019-07-03,28.75,,9.89,28.43,13.36,,39.24,1.32,37.34,1.3,7.95,6.37,,,,28.98,75.89,1.6,105.05,,0.0,84.13,746.84,-0.19
2019-07-04,31.05,,8.21,16.89,9.36,,40.69,1.33,42.57,1.27,7.7,6.07,,,,29.15,76.98,0.81,109.74,,0.0,84.09,746.65,-0.17
2019-07-05,38.24,,27.53,58.73,43.81,,38.94,1.38,49.25,1.45,8.12,5.99,,,,30.97,72.68,1.09,103.16,,0.0,133.86,745.46,-0.18
2019-07-06,27.4,,24.03,72.55,33.37,,38.71,1.24,49.45,1.25,7.38,5.47,,,,30.09,73.6,1.45,106.49,,0.0,131.32,745.03,-0.17
2019-07-07,20.7,,26.17,56.12,30.42,,41.28,1.17,51.53,1.02,6.16,4.59,,,,25.62,91.12,0.59,134.44,,0.0,28.08,745.35,-0.13
2019-07-08,30.73,,23.94,69.03,32.4,,42.89,1.38,51.75,1.25,7.14,5.51,,,,25.1,94.28,0.33,134.09,,0.0,29.48,745.91,-0.14
2019-07-09,25.55,,25.11,60.24,30.82,,40.54,1.42,54.61,1.18,7.35,5.54,,,,24.78,94.53,0.37,121.28,,0.0,49.73,746.4,-0.11
2019-07-10,21.96,,7.75,43.39,15.94,,38.91,0.77,56.08,0.79,5.12,3.79,,,,25.49,89.62,0.71,161.15,,0.0,79.03,746.14,-0.12
2019-07-11,22.08,,13.1,39.3,26.2,,43.85,0.71,51.43,0.59,3.81,2.85,,,,24.44,92.34,2.25,172.51,,0.0,42.56,746.82,-0.08
2019-07-12,34.36,,20.04,65.72,29.18,,41.87,1.25,37.4,1.1,6.76,4.9,,,,25.74,89.12,0.43,165.99,,0.0,43.23,747.9,-0.12
2019-07-13,27.88,,12.97,55.61,26.43,,40.01,0.92,40.67,0.9,5.34,3.88,,,,26.5,84.91,0.61,205.17,,0.0,82.24,747.76,-0.13
2019-07-14,28.69,,5.45,44.05,14.72,,41.86,0.92,27.15,0.66,4.74,2.54,,,,27.75,80.27,0.57,198.12,,0.0,123.32,747.13,-0.1
2019-07-15,39.19,,11.17,66.25,23.94,,40.72,1.53,27.55,0.95,5.62,3.82,,,,31.35,68.83,0.51,200.02,,0.0,143.59,746.71,-0.1
2019-07-16,38.48,,21.69,69.63,31.18,,43.08,2.02,33.47,1.37,8.11,5.87,,,,30.88,69.74,0.33,187.95,,0.0,120.95,748.27,-0.15
2019-07-17,39.58,,8.47,22.58,10.99,,42.44,1.62,42.64,1.19,7.56,5.37,,,,31.52,71.0,0.34,174.99,,0.0,133.93,748.21,-0.17
2019-07-18,45.87,,11.2,17.61,11.35,,43.87,2.11,56.12,1.27,7.21,5.31,,,,31.65,71.42,0.32,159.15,,0.0,117.35,747.97,-0.14
2019-07-19,45.31,,8.52,27.77,12.36,,39.31,1.92,58.05,1.34,7.44,5.45,,,,31.82,69.37,0.46,138.76,,0.0,145.64,748.3,-0.15
2019-07-20,38.66,,10.85,16.07,10.74,,42.88,1.77,38.91,1.23,7.01,5.43,,,,32.17,70.24,0.52,131.56,,0.0,134.93,748.76,-0.14
2019-07-21,35.08,,6.04,16.85,8.02,,44.97,1.59,43.47,1.08,6.13,4.55,,,,32.76,67.13,0.41,147.79,,0.0,123.73,748.32,-0.14
2019-07-22,41.55,,8.67,32.72,21.36,,40.34,1.4,46.32,1.12,6.4,4.57,,,,29.0,80.45,0.43,169.56,,0.0,53.67,748.13,-0.14
2019-07-23,39.84,,20.89,72.85,31.54,,49.74,1.08,49.49,1.07,6.19,4.34,,,,29.21,75.79,0.51,161.91,,0.0,110.43,747.77,-0.17
2019-07-24,32.65,,6.93,37.55,13.93,,47.15,0.75,50.39,0.74,4.57,3.16,,,,25.94,89.29,0.41,163.29,,0.0,44.54,747.84,-0.15
2019-07-25,28.23,,4.58,33.16,11.37,,48.78,0.65,56.17,0.72,4.25,2.92,,,,27.05,83.44,0.36,165.6,,0.0,83.74,748.15,-0.15
2019-07-26,36.96,,12.78,45.36,19.5,,50.2,1.11,54.74,1.14,6.53,4.41,,,,28.82,79.34,0.74,113.59,,0.0,125.99,747.3,-0.12
2019-07-27,25.13,,11.57,26.36,13.84,,48.31,1.05,54.44,1.01,6.28,4.38,,,,27.32,82.98,1.35,116.63,,0.0,99.01,747.15,-0.17
2019-07-28,19.45,,8.05,23.77,11.04,,46.27,0.84,52.12,0.85,5.62,3.57,,,,28.2,79.27,2.85,98.59,,0.0,124.14,747.84,-0.17
2019-07-29,21.51,,9.71,23.81,12.06,,47.08,1.02,45.61,0.98,6.51,4.44,,,,28.31,76.02,4.14,95.13,,0.0,120.99,747.88,-0.2
2019-07-30,24.02,,7.28,19.6,9.49,,50.35,1.09,52.2,1.03,6.9,5.03,,,,27.97,76.62,2.36,106.37,,0.0,84.68,748.03,-0.16
2019-07-31,26.11,,5.92,16.93,7.98,,48.44,1.02,59.84,1.01,6.23,4.26,,,,29.91,69.03,1.16,118.45,,0.0,145.18,747.61,-0.14
2019-08-01,35.34,,7.18,16.66,8.68,,50.42,1.33,73.4,1.17,7.22,4.97,,,,28.84,77.81,0.94,106.9,,0.0,87.52,747.59,-0.16
2019-08-02,32.38,,7.79,12.83,8.05,,51.89,1.36,80.26,1.21,7.75,5.7,,,,28.68,80.03,1.12,106.14,,0.0,109.98,747.07,-0.16
2019-08-03,31.92,,7.1,13.87,7.89,,49.83,1.33,68.04,1.35,8.28,6.52,,,,30.09,76.08,0.92,111.85,,0.0,113.85,746.8,-0.18
2019-08-04,30.0,,5.35,13.67,6.78,,48.94,1.11,58.16,1.03,6.58,4.63,,,,31.15,71.11,0.61,115.41,,0.0,123.82,746.34,-0.18
2019-08-05,36.96,,31.95,44.6,38.02,,46.96,1.61,52.65,1.49,8.8,7.01,,,,30.53,77.02,0.55,144.84,,0.0,92.83,745.78,-0.19
2019-08-06,33.21,,32.62,72.19,38.5,,47.16,2.24,57.8,1.35,8.49,7.22,,,,31.07,75.8,0.74,161.59,,0.0,159.94,745.44,-0.17
2019-08-07,21.02,,15.7,45.34,21.27,,44.49,1.74,73.97,1.08,8.49,6.52,,,,27.53,84.71,1.95,138.85,,0.0,123.02,745.62,-0.2
2019-08-08,13.39,,29.69,69.94,34.54,,45.77,1.72,46.01,1.22,8.63,5.61,,,,27.66,78.6,5.67,93.6,,0.0,76.75,745.83,-0.17
2019-08-09,24.7,,36.97,76.55,42.25,,47.69,2.2,57.94,1.15,7.79,5.6,,,,27.96,80.42,2.38,107.95,,0.0,97.46,747.54,-0.15
2019-08-10,32.39,,28.49,80.79,38.2,,48.31,2.05,56.35,1.08,7.25,5.52,,,,29.92,75.44,0.42,168.92,,0.0,109.95,747.68,-0.13
2019-08-11,35.54,,22.43,69.37,31.57,,46.99,2.09,55.11,1.16,7.33,4.8,,,,30.9,75.08,0.41,200.3,,0.0,120.82,747.6,-0.16
2019-08-12,29.0,,14.35,57.21,23.52,,46.35,1.79,63.56,0.89,5.9,4.02,,,,31.65,73.35,0.57,204.91,,0.0,154.82,747.09,-0.16
2019-08-13,18.51,,21.67,45.6,24.96,,51.0,1.89,51.8,1.09,7.34,5.34,,,,28.24,79.26,1.99,117.19,,0.0,106.64,747.58,-0.15
2019-08-14,22.5,,25.99,45.28,30.86,,39.11,1.32,48.51,1.14,7.28,5.49,,,,26.81,85.58,3.06,100.09,,0.0,58.41,748.49,-0.22
2019-08-15,29.87,,12.08,38.52,17.31,,47.63,1.15,50.2,1.09,6.83,4.9,,,,27.72,83.53,1.06,112.75,,0.0,87.17,749.18,-0.22
2019-08-16,29.32,,12.7,26.77,14.64,,50.14,1.47,55.8,1.21,7.48,5.58,,,,29.22,78.38,0.42,186.91,,0.0,112.66,748.91,-0.14
2019-08-17,39.73,,9.18,20.49,10.87,,51.73,1.54,56.33,1.4,8.63,6.8,,,,28.46,81.9,0.32,162.82,,0.0,68.43,749.09,-0.13
2019-08-18,40.9,,9.79,13.44,9.42,,47.3,1.54,60.57,1.4,8.2,6.13,,,,26.56,91.32,0.38,177.78,,0.0,51.14,749.39,-0.11
2019-08-19,29.03,,9.82,12.79,9.26,,50.91,1.62,56.29,1.45,8.75,6.92,,,,27.55,82.98,1.18,121.58,,0.0,106.19,749.39,-0.13
2019-08-20,44.06,,11.55,19.1,11.96,,50.23,1.88,52.28,1.63,9.61,7.89,,,,28.91,80.86,0.59,123.03,,0.0,88.76,748.95,-0.14
2019-08-21,40.98,,10.14,16.2,10.34,,50.53,1.68,59.13,1.48,9.01,7.29,,,,28.92,79.49,0.85,117.36,,0.0,80.86,748.5,-0.14
2019-08-22,47.27,,10.23,16.16,10.4,,50.19,1.62,84.07,1.67,10.05,8.06,,,,30.71,74.72,0.42,144.73,,0.0,127.91,748.6,-0.15
2019-08-23,33.78,,4.88,9.51,5.43,,49.9,0.96,43.59,1.19,7.15,5.51,,,,28.73,80.32,0.53,166.76,,0.0,95.36,748.74,-0.12
2019-08-24,24.52,,23.38,28.87,33.59,,47.86,1.17,46.49,1.24,7.87,5.83,,,,26.93,85.37,1.23,119.26,,0.0,99.66,749.22,-0.16
2019-08-25,26.03,,24.29,61.99,30.78,,50.18,1.18,52.02,1.16,7.53,5.35,,,,27.71,81.97,1.11,120.44,,0.0,107.63,749.06,-0.14
2019-08-26,38.46,,36.42,78.38,42.39,,50.91,1.76,50.4,1.44,8.99,7.13,,,,29.86,74.77,1.25,119.53,,0.0,138.29,748.73,-0.15
2019-08-27,35.47,,24.12,64.12,31.23,,50.26,1.36,45.81,1.25,8.12,6.17,,,,30.31,71.76,1.25,106.5,,0.0,141.05,748.5,-0.16
2019-08-28,47.34,,11.83,44.42,18.68,,51.31,1.32,50.62,1.26,7.62,5.81,,,,30.88,72.01,1.17,115.58,,0.0,111.57,749.0,-0.17
2019-08-29,46.88,,18.03,23.5,17.02,,48.3,1.93,68.16,1.49,9.01,7.99,,,,28.53,82.56,0.76,128.75,,0.0,90.43,749.78,-0.13
2019-08-30,50.86,,12.25,20.23,12.67,,51.57,1.99,86.38,1.54,9.21,7.51,,,,30.69,76.24,0.43,138.66,,0.0,125.77,748.3,-0.14
2019-08-31,52.57,,6.36,17.24,8.33,,55.44,1.24,98.78,1.23,7.29,5.3,,,,31.44,70.69,0.67,125.2,,0.0,125.66,747.91,-0.14
2019-09-01,52.39,,4.95,8.84,5.29,,55.13,0.93,139.47,1.06,5.83,4.13,,,,31.14,75.48,0.63,129.55,,0.0,166.14,748.86,-0.15
2019-09-02,47.0,,56.43,114.66,63.92,,55.16,2.49,83.45,1.78,11.81,9.42,,,,31.62,73.3,0.55,167.14,,0.0,121.32,747.6,-0.13
2019-09-03,40.33,,30.52,84.09,40.31,,54.5,1.44,104.02,1.33,8.11,6.14,,,,29.8,77.69,0.95,111.6,,0.0,107.05,748.05,-0.16
2019-09-04,36.47,,32.91,74.98,39.38,,59.21,1.21,89.79,1.21,7.82,6.08,,,,29.44,76.0,1.75,112.41,,0.0,107.43,748.01,-0.16
2019-09-05,35.35,,35.61,77.03,45.69,,52.22,1.14,55.36,1.26,8.07,6.35,,,,29.67,75.65,1.44,104.31,,0.0,111.86,747.98,-0.14
2019-09-06,37.06,,29.57,74.82,37.32,,38.75,1.26,66.99,1.16,7.43,5.45,,,,30.06,74.22,1.45,104.56,,0.0,122.17,747.62,-0.15
2019-09-07,36.56,,23.07,63.05,30.32,,41.81,1.04,71.88,1.09,6.85,5.16,,,,29.27,76.77,1.57,110.75,,0.0,88.2,747.86,-0.14
2019-09-08,33.06,,18.27,53.09,24.84,,47.45,0.82,84.78,0.9,5.83,3.85,,,,28.55,78.92,2.11,97.46,,0.0,109.62,747.99,-0.14
2019-09-09,51.84,,28.53,67.94,34.9,,54.05,1.33,118.08,1.2,7.07,5.51,,,,27.79,83.72,0.99,108.35,,0.0,67.22,747.78,-0.12
2019-09-10,50.46,,19.37,74.25,30.99,,54.7,1.31,,2.22,11.06,7.1,,,,29.64,77.63,0.59,114.55,,0.0,89.24,747.88,-0.14
2019-09-11,51.42,,45.04,80.33,48.11,,43.36,1.72,,16.37,63.79,71.23,,,,27.89,83.68,0.6,134.66,,0.0,52.4,748.67,-0.13
2019-09-12,31.85,,23.63,61.85,30.34,,46.22,1.02,,15.71,68.59,54.85,,,,27.85,81.14,2.01,101.94,,0.0,86.64,749.2,-0.15
2019-09-13,36.02,,33.62,64.67,37.12,,45.28,0.83,,16.21,66.76,61.62,,,,27.02,84.63,1.29,116.16,,0.0,93.14,749.79,-0.18
2019-09-14,43.89,,28.7,77.38,37.45,,46.68,1.48,,16.89,69.98,65.01,,,,27.28,85.46,0.48,128.72,,0.0,90.3,750.34,-0.16
2019-09-15,53.43,,21.55,74.43,32.35,,45.93,1.24,,8.82,34.33,28.57,,,,28.67,81.53,0.35,147.59,,0.0,91.53,749.98,-0.13
2019-09-16,52.27,,28.92,75.8,37.18,,46.92,1.53,,10.66,39.8,41.39,,,,27.49,83.92,0.45,140.36,,0.0,53.88,749.53,-0.14
2019-09-17,42.74,,24.68,57.43,33.48,,47.49,1.37,,8.47,33.51,29.0,,,,25.61,89.01,1.34,126.2,,0.0,76.67,750.42,-0.13
2019-09-18,27.62,,35.73,68.2,39.34,,54.98,2.42,,8.42,36.6,38.55,,,,24.59,88.13,1.04,143.9,,0.0,130.39,752.22,-0.14
2019-09-19,41.43,,39.69,79.19,44.59,,54.61,2.04,,10.43,43.74,45.55,,,,26.71,82.9,0.46,150.1,,0.0,101.19,752.3,-0.14
2019-09-20,47.08,,34.1,77.36,52.73,,52.62,1.55,,9.03,37.09,35.17,,,,28.27,79.1,0.42,157.02,,0.0,127.97,751.57,-0.13
2019-09-21,46.5,,40.35,88.36,47.37,,47.64,1.68,,9.82,40.4,40.9,,,,26.62,82.83,0.48,152.93,,0.0,82.57,751.16,-0.13
2019-09-22,35.62,,23.53,65.62,31.27,,47.03,1.19,,8.05,33.96,28.21,,,,24.45,89.05,0.35,143.99,,0.0,52.66,752.24,-0.12
2019-09-23,51.08,,26.57,83.59,37.76,,49.21,1.58,,11.02,41.93,39.62,,,,27.26,82.66,0.54,120.8,,0.0,112.08,752.63,-0.14
2019-09-24,47.01,,23.1,65.32,30.95,,49.11,1.11,,7.71,31.26,26.09,,,,27.53,79.38,1.26,111.07,,0.0,116.0,752.83,-0.13
2019-09-25,25.98,,21.44,38.96,23.1,,46.67,0.78,,0.0,0.0,0.0,,,,25.66,82.38,2.46,107.85,,0.0,70.2,753.7,-0.14
2019-09-26,27.43,,16.08,31.88,18.02,,46.32,0.76,,0.0,0.0,0.0,,,,22.62,93.6,0.89,123.32,,0.0,36.47,754.67,-0.1
2019-09-27,28.43,,13.7,24.0,14.53,,46.3,0.89,,0.0,0.0,0.0,,,,22.25,94.23,0.38,126.61,,0.0,34.27,754.02,-0.12
2019-09-28,20.22,,7.18,15.02,8.13,,46.93,0.53,,0.0,0.0,0.0,,,,20.77,97.84,1.27,115.6,,0.0,14.75,752.68,-0.14
2019-09-29,21.08,,5.39,13.26,6.7,,47.6,0.46,,0.0,0.0,0.0,,,,20.47,98.09,0.39,118.0,,0.0,8.51,752.51,-0.11
2019-09-30,26.42,,7.85,15.79,8.85,,50.17,0.95,,0.0,0.0,0.0,,,,21.18,93.86,0.35,101.19,,0.0,41.4,751.91,-0.12
2019-10-01,32.92,,36.43,50.52,39.53,,55.6,1.26,,,,,,,,24.1,85.39,0.31,158.52,,0.0,108.61,751.97,-0.12
2019-10-02,45.86,,18.38,63.56,27.62,,60.96,1.06,,,,,,,,25.21,83.84,0.41,126.2,,0.0,109.16,752.06,-0.14
2019-10-03,49.99,,16.95,52.12,23.79,,58.52,1.2,,,,,,,,26.73,81.7,0.38,134.63,,0.0,101.65,751.73,-0.13
2019-10-04,49.12,,35.65,64.82,42.39,,53.53,1.56,,,,,,,,26.6,81.69,0.33,154.29,,0.0,86.83,751.89,-0.12
2019-10-05,64.19,,27.7,85.43,38.73,,52.21,1.81,,,,,,,,27.32,82.21,0.31,173.99,,0.0,87.11,751.97,-0.16
2019-10-06,64.69,,12.62,47.9,20.06,,48.55,1.35,,,,,,,,26.59,87.45,0.31,189.1,,0.0,96.36,752.69,-0.13
2019-10-07,50.56,,5.31,24.68,9.61,,47.14,1.36,,,,,,,,30.99,57.44,0.31,219.44,,0.0,111.94,752.0,-0.14
2019-10-08,,,,,,,,,,,,,,,,,,,,,0.0,,,
2019-10-09,44.04,,9.88,21.69,11.61,,49.76,1.69,,,,,,,,27.82,72.82,0.41,130.62,,0.0,103.77,752.68,-0.11
2019-10-10,52.66,,15.53,51.88,35.76,,56.89,1.56,,,,,,,,27.17,75.24,0.32,177.17,,0.0,93.03,752.55,-0.12
2019-10-11,59.29,,13.33,57.82,23.07,,57.37,1.42,34.79,,,,,,,27.15,75.23,0.33,191.25,,0.0,105.78,752.61,-0.14
2019-10-12,63.77,,11.29,50.62,19.96,,58.65,1.75,43.61,,,,,,,27.18,68.55,0.35,194.04,,0.0,108.49,752.99,-0.16
2019-10-13,69.27,,5.48,25.74,10.01,,59.66,0.92,26.46,,,,,,,21.81,86.27,0.3,162.91,,0.0,8.0,753.0,-0.1
2019-10-14,87.33,,23.2,39.36,24.27,,61.06,3.94,30.6,,,,,,,24.8,72.19,0.3,174.19,,0.0,8.0,753.67,-0.1
2019-10-15,92.88,,29.96,30.83,26.15,,57.16,3.15,36.08,,,,,,,25.58,72.6,0.31,154.49,,0.0,61.34,754.0,-0.13
2019-10-16,109.09,,24.43,24.58,21.18,,58.22,3.14,32.72,,,,,,,26.21,72.21,0.33,159.32,,0.0,88.33,754.03,-0.13
2019-10-17,130.76,,16.71,24.55,16.49,,60.68,2.98,40.41,29.43,123.55,170.35,,,,26.24,73.06,0.32,151.32,,0.0,78.72,754.05,-0.12
2019-10-18,145.38,,39.34,39.12,46.09,,56.36,2.66,41.91,22.9,83.43,107.48,,,,26.27,73.56,0.32,145.02,,0.0,60.37,754.09,-0.13
2019-10-19,118.86,,10.71,44.52,17.96,,73.57,0.93,71.08,14.43,52.85,52.98,,,,23.83,80.27,0.33,172.02,,0.0,26.74,754.62,-0.11
2019-10-20,76.48,,7.58,20.94,10.01,,72.75,1.27,57.63,12.27,42.78,38.82,,,,22.53,88.09,0.3,202.95,,0.0,29.89,754.26,-0.12
2019-10-21,150.96,,5.02,14.38,6.6,,68.89,1.2,65.5,10.63,31.06,23.65,,,,23.28,88.69,0.34,210.27,,0.0,51.35,753.2,-0.11
2019-10-22,135.38,,4.65,28.13,13.81,,53.22,1.23,83.28,11.7,31.56,22.45,,,,23.65,78.26,0.37,196.18,,0.0,92.59,752.39,-0.12
2019-10-23,145.65,,8.21,27.56,12.12,,51.3,1.62,68.46,16.47,52.39,48.1,,,,22.21,79.86,0.3,191.93,,0.0,31.93,752.42,-0.12
2019-10-24,130.18,,8.67,17.82,9.78,,52.19,1.68,69.15,15.24,51.32,40.46,,,,22.61,77.8,0.67,141.12,,0.0,76.29,753.09,-0.11
2019-10-25,55.3,,9.35,14.15,9.34,,51.1,0.93,58.42,11.41,45.86,42.58,,,,19.34,84.58,0.5,126.61,,0.0,27.16,753.53,-0.13
2019-10-26,56.29,,6.88,12.5,7.36,,53.69,0.69,59.24,10.31,36.13,29.6,,,,20.07,86.27,0.33,179.52,,0.0,45.87,753.86,-0.12
2019-10-27,141.18,,8.47,12.71,8.48,,70.39,0.94,61.69,11.84,30.51,22.55,,,,21.14,83.75,0.31,192.19,,0.0,65.33,753.86,-0.11
2019-10-28,247.77,,10.97,27.34,13.62,,64.26,1.59,68.58,16.14,46.77,40.78,,,,22.59,78.88,0.3,185.97,,0.0,70.7,754.28,-0.11
2019-10-29,202.79,,18.72,26.23,17.9,,68.39,2.3,66.16,17.56,56.62,55.12,,,,22.6,80.91,0.31,180.63,,0.0,62.62,754.21,-0.11
2019-10-30,188.15,,20.62,24.32,18.81,,60.65,2.25,61.55,18.78,68.05,70.82,,,,22.81,80.14,0.31,189.73,,0.0,74.17,753.6,-0.12
2019-10-31,174.4,,14.61,22.78,14.76,,67.43,1.7,70.3,15.21,48.52,43.52,,,,23.69,79.79,0.3,188.62,,0.0,70.83,753.16,-0.12
2019-11-01,248.13,,18.05,23.29,16.81,,67.84,3.16,64.76,14.55,43.99,41.57,,,,23.73,81.85,0.31,167.11,,0.0,66.15,753.41,-0.12
2019-11-02,273.82,,18.93,19.83,16.63,,62.38,2.62,54.04,13.53,37.76,35.69,,,,23.29,84.85,0.3,174.56,,0.0,52.37,753.81,-0.11
2019-11-03,268.71,,12.45,20.02,12.74,,66.93,2.17,75.34,10.95,28.41,19.37,,,,24.58,80.59,0.3,195.07,,0.0,62.65,753.63,-0.11
2019-11-04,235.34,,11.44,20.72,12.31,,64.92,1.79,88.81,9.03,22.44,13.9,,,,23.55,77.35,0.33,203.47,,0.0,66.75,753.46,-0.11
2019-11-05,237.75,,15.11,22.01,14.87,,64.73,2.07,69.31,9.88,29.64,25.77,,,,22.95,68.72,0.41,208.52,,0.0,83.45,752.87,-0.14
2019-11-06,182.52,,14.69,23.52,15.01,,66.28,1.78,83.25,8.61,26.72,24.79,,,,21.81,68.6,0.31,194.05,,0.0,79.62,752.52,-0.12
2019-11-07,183.76,,23.99,23.56,20.44,,64.98,2.61,73.6,11.28,39.21,45.73,,,,22.02,69.73,0.31,174.55,,0.0,78.71,752.8,-0.12
2019-11-08,199.27,,27.54,20.32,21.84,,64.64,2.48,52.34,12.92,47.79,56.68,,,,22.22,75.89,0.38,148.52,,0.0,65.06,753.51,-0.12
2019-11-09,124.65,,48.34,73.77,47.86,,57.29,1.67,44.34,10.09,37.61,40.77,,,,23.15,79.38,0.31,158.12,,0.0,56.1,753.37,-0.12
2019-11-10,103.82,,49.12,98.96,55.1,,55.78,1.33,53.85,8.15,30.93,31.76,,,,24.1,75.01,0.31,170.24,,0.0,79.59,753.08,-0.13
2019-11-11,126.48,,26.62,96.51,40.36,,63.29,0.84,82.1,7.02,21.35,17.83,,,,22.71,68.51,0.36,199.78,,0.0,72.78,753.0,-0.12
2019-11-12,163.64,,73.18,121.72,75.92,,65.09,2.1,90.97,9.7,33.53,37.19,,,,20.85,64.06,0.33,198.25,,0.0,77.28,754.0,-0.15
2019-11-13,237.99,,79.75,112.75,75.63,,72.34,2.0,67.6,12.32,41.36,47.46,,,,20.4,68.11,0.3,187.47,,0.0,70.18,755.03,-0.12
2019-11-14,214.86,,78.52,106.66,74.97,,65.08,2.13,70.71,11.92,42.77,47.71,,,,21.39,67.31,0.3,171.63,,0.0,68.23,755.12,-0.12
2019-11-15,154.04,,56.23,91.45,57.8,,57.37,1.8,73.29,9.5,31.76,29.84,,,,21.29,66.73,0.31,183.33,,0.0,69.77,754.61,-0.11
2019-11-16,137.32,,47.19,83.02,49.17,,62.61,1.44,75.6,7.85,23.96,20.12,,,,20.77,68.1,0.31,183.47,,0.0,67.76,754.35,-0.11
2019-11-17,152.78,,36.73,86.03,44.56,,49.98,1.48,111.52,5.04,14.29,9.76,,,,20.61,68.78,0.34,192.2,,0.0,65.27,753.96,-0.11
2019-11-18,143.12,,41.45,79.96,45.58,,41.54,1.62,70.94,5.62,17.1,14.29,,,,20.08,68.15,0.34,190.31,,0.0,64.38,754.24,-0.1
2019-11-19,141.95,,79.44,92.06,72.04,,37.5,1.99,75.43,6.31,21.63,22.22,,,,19.04,62.53,0.37,186.7,,0.0,70.47,754.3,-0.15
2019-11-20,161.04,,73.05,76.41,69.67,,36.69,1.66,68.16,5.79,20.08,17.34,,,,19.9,65.34,0.31,189.22,,0.0,80.82,754.6,-0.13
2019-11-21,183.67,,44.92,61.23,63.29,,15.06,2.61,54.84,2.36,8.21,8.91,,,,21.14,62.04,0.31,174.17,,0.0,62.9,755.1,-0.12
2019-11-22,238.62,,79.71,45.34,87.22,,14.14,2.41,36.28,2.49,7.35,7.56,,,,18.77,75.29,0.3,172.99,,0.0,53.95,755.17,-0.12
2019-11-23,255.13,,50.72,47.24,64.48,,14.97,1.65,58.9,2.22,5.65,5.0,,,,19.32,75.36,0.3,194.29,,0.0,50.2,754.94,-0.12
2019-11-24,236.74,,32.51,64.26,59.14,,17.0,1.73,41.17,1.88,4.45,3.46,,,,18.89,72.78,0.32,188.1,,0.0,51.56,754.56,-0.1
2019-11-25,263.03,,48.73,50.38,64.95,,14.12,2.38,14.23,2.61,7.68,7.39,,,,19.13,78.72,0.3,152.67,,0.0,32.48,754.97,-0.12
2019-11-26,301.55,,35.74,42.28,49.66,,12.52,1.6,24.13,2.67,7.32,6.94,,,,20.14,76.94,0.3,153.37,,0.0,41.67,754.95,-0.12
2019-11-27,291.45,,47.05,37.03,57.94,,16.56,1.73,17.63,2.72,7.79,8.1,,,,19.6,80.46,0.3,160.93,,0.0,35.47,755.14,-0.11
2019-11-28,211.89,,101.57,59.12,114.17,,17.91,2.22,18.01,2.72,8.47,9.5,,,,20.05,78.58,0.31,142.0,,0.0,47.66,755.18,-0.12
2019-11-29,237.01,,91.04,71.26,108.57,,14.97,1.85,42.09,5.25,17.83,15.32,,,,19.67,78.46,0.3,179.14,,0.0,47.96,754.97,-0.11
2019-11-30,140.76,,25.82,67.12,56.69,,13.5,1.3,19.0,2.06,6.74,5.31,,,,19.47,70.59,0.37,202.91,,0.0,50.7,754.91,-0.15
2019-12-01,141.55,,32.87,66.14,61.9,,11.34,1.33,20.13,1.89,5.67,4.03,,,,18.62,68.01,0.39,206.55,,0.0,47.81,755.1,-0.13
2019-12-02,205.17,,60.24,78.02,90.48,,13.73,1.98,30.22,2.49,7.21,6.44,,,,17.87,71.98,0.3,183.82,,0.0,44.98,755.32,-0.12
2019-12-03,217.25,,60.55,79.88,91.73,,13.61,2.23,32.22,2.57,7.3,7.08,,,,16.79,69.81,0.32,208.64,,0.0,45.0,755.48,-0.14
2019-12-04,239.48,,91.29,76.55,114.93,,13.29,2.9,25.72,3.06,9.19,9.87,,,,15.44,70.86,0.3,182.39,,0.0,47.14,756.53,-0.12
2019-12-05,259.01,,60.17,51.34,76.23,,16.81,3.14,24.14,3.32,10.12,10.95,,,,16.27,69.98,0.3,178.6,,0.0,46.23,757.01,-0.13
2019-12-06,228.7,,30.79,17.17,34.17,,13.16,3.13,19.33,3.23,10.24,11.83,,,,17.82,69.85,0.31,140.24,,0.0,42.97,756.67,-0.12
2019-12-07,150.54,,43.43,28.96,50.36,,11.83,1.72,14.8,2.6,7.84,8.66,,,,16.85,72.21,0.33,161.53,,0.0,29.65,756.02,-0.12
2019-12-08,152.66,,42.14,44.38,57.86,,13.27,0.88,23.21,2.18,6.63,6.66,,,,17.76,69.47,0.31,158.52,,0.0,39.81,755.98,-0.12
2019-12-09,209.17,,39.18,23.36,44.28,,12.25,2.62,21.41,2.91,8.84,9.36,,,,16.96,70.63,0.31,172.82,,0.0,34.81,755.84,-0.12
2019-12-10,225.19,,33.09,26.52,41.01,,12.83,2.33,21.37,2.69,8.39,8.73,,,,16.02,72.07,0.32,190.8,,0.0,34.55,754.79,-0.11
2019-12-11,265.63,,50.44,37.28,60.84,,12.37,3.0,19.58,2.94,9.08,9.8,,,,15.42,76.46,0.3,171.57,,0.0,28.72,754.42,-0.12
2019-12-12,237.6,,19.97,23.88,28.93,,10.77,1.97,25.25,2.48,7.15,7.06,,,,16.25,74.99,0.51,118.63,,0.0,26.84,754.87,-0.14
2019-12-13,149.1,,8.73,13.81,14.45,,14.02,1.06,21.02,1.73,4.67,4.08,,,,13.99,88.57,0.64,126.07,,0.0,17.53,755.79,-0.11
2019-12-14,128.36,,11.08,10.57,14.63,,7.72,1.58,24.82,1.92,6.52,6.62,,,,18.46,82.74,0.45,149.66,,0.0,87.16,756.1,-0.12
2019-12-15,169.24,,15.5,10.81,18.35,,6.51,1.71,14.73,2.05,6.24,5.43,,,,17.27,91.97,0.3,162.39,,0.0,20.64,756.1,-0.1
2019-12-16,167.89,,11.11,9.45,14.05,,8.39,1.7,14.77,1.82,4.88,4.53,,,,17.26,90.32,0.32,200.69,,0.0,45.2,755.85,-0.11
2019-12-17,143.86,,8.03,8.97,11.3,,9.14,1.13,41.71,1.77,4.87,4.24,,,,14.45,86.33,0.47,225.21,,0.0,55.45,756.57,-0.17
2019-12-18,125.11,,9.05,9.14,12.23,,12.35,0.99,16.3,2.64,7.98,7.43,,,,12.32,79.44,0.34,223.85,,0.0,27.7,757.27,-0.14
2019-12-19,174.17,,13.29,16.85,19.74,,11.16,1.59,10.52,3.24,7.25,4.96,,,,10.33,84.69,0.31,185.13,,0.0,19.64,756.05,-0.11
2019-12-20,233.98,,,,,,8.97,1.98,15.84,3.35,7.81,6.51,,,,13.73,82.97,0.32,208.19,,0.0,57.62,755.12,-0.14
2019-12-21,264.75,,,,,,8.67,2.21,19.18,3.88,7.76,6.65,,,,14.27,86.12,0.31,188.49,,0.0,53.38,755.34,-0.11
2019-12-22,352.27,,,,,,9.77,3.42,17.2,4.27,10.21,9.74,,,,15.36,88.55,0.31,183.18,,0.0,47.37,755.28,-0.11
2019-12-23,280.52,,,,,,13.03,3.37,31.41,3.88,9.14,9.0,,,,16.57,83.58,0.31,197.0,,0.0,47.72,755.85,-0.13
2019-12-24,142.3225,181.00666666666666,9.74,40.39,49.485,50.9,10.175,2.0125,17.7975,3.5650000000000004,3.435,6.050000000000001,,9.63,12.01,14.6075,79.825,0.245,221.9325,0.0,0.0,27.14,755.54,-0.12
2019-12-25,150.41,198.81333333333336,20.403333333333332,29.040000000000003,41.17666666666667,49.305,8.45,1.4633333333333332,14.8225,2.81,1.4625,4.22,,8.62,9.736666666666666,13.4025,87.815,0.43,250.2475,0.0,0.0,68.375,763.105,-0.14
2019-12-26,123.28,165.98333333333332,30.46,30.569999999999997,58.5075,42.153333333333336,8.81,1.2033333333333334,17.125,2.5875,1.24,3.52,,8.883333333333335,8.9,11.9825,87.68,0.4575,253.16750000000002,0.0,0.0,58.8875,759.7075,-0.14
2019-12-27,124.95,161.37666666666667,18.605,34.575,49.13,39.656666666666666,7.0,1.13,16.8925,2.25,1.0075,2.5700000000000003,,6.846666666666668,7.266666666666666,10.94,78.11,0.7725000000000001,266.8675,0.0,0.0,72.38,756.275,-0.19
2019-12-28,165.08749999999998,210.0566666666667,19.64,32.012499999999996,49.11,32.48333333333333,7.236666666666667,1.4000000000000001,11.795,3.9450000000000003,0.9924999999999999,3.3049999999999997,,7.45,7.926666666666666,9.18,88.38,0.5275000000000001,252.18,0.0,0.0,76.1175,756.24,-0.15
2019-12-29,162.23,208.3166666666667,20.947499999999998,29.82,48.965,24.996666666666666,8.183333333333334,1.42,13.704999999999998,3.1,0.8625,2.8125,,6.843333333333334,6.763333333333333,9.665,85.6,0.555,262.7975,0.0,0.0,66.83,755.95,-0.13
2019-12-30,188.7375,236.41666666666666,32.455,34.7,65.865,27.916666666666668,8.58,1.8433333333333335,14.0475,3.4775,1.4475,3.52,,7.873333333333334,8.343333333333332,10.190000000000001,85.66999999999999,0.325,231.57,0.0,0.0,72.36749999999999,755.965,-0.14
2019-12-31,192.825,242.20666666666668,46.0075,36.7675,81.91749999999999,28.493333333333336,7.54,2.4033333333333333,15.7125,4.53,1.72,4.515,,10.186666666666666,10.99,10.9,88.1575,0.355,227.53,0.0,0.0,75.8275,755.9925000000001,-0.12
